T001,Server di produzione irraggiungibile,CRITICO,1732000000
T002,Richiesta nuovo account email,BASSO,1732000100
T003,Stampante piano 2 non funziona,MEDIO,1732000050
T004,Database non raggiungibile,CRITICO,1732000200
T005,Problema accesso VPN,ALTO,1732000300
T006,Richiesta installazione software,BASSO,1732000400
T007,Errore applicazione gestionale,ALTO,1732000150
T008,Mouse non funzionante,BASSO,1732000500
T009,Connessione rete assente,CRITICO,1732000250
T010,Password dimenticata,MEDIO,1732000600
T011,Monitor non funzionante,MEDIO,1732000550
T012,Errore login portale,ALTO,1732000450
T013,Richiesta nuovo PC,BASSO,1732000700
T014,Server lento,ALTO,1732000350
T015,Stampante non raggiungibile,MEDIO,1732000650